content,date,url,title
CoolBlog开发笔记第4课:数据库模型设计,2017年6月26日,http://www.cnblogs.com/qiyeboy/p/7079462.html,CoolBlog开发笔记第4课:数据库模型设计
CoolBlog开发笔记第3课:创建Django应用,2017年6月25日,http://www.cnblogs.com/qiyeboy/p/7077981.html,CoolBlog开发笔记第3课:创建Django应用
CoolBlog开发笔记第2课:搭建开发环境,2017年6月24日,http://www.cnblogs.com/qiyeboy/p/7072518.html,CoolBlog开发笔记第2课:搭建开发环境
CoolBlog开发笔记第1课:项目分析,2017年6月23日,http://www.cnblogs.com/qiyeboy/p/7070135.html,CoolBlog开发笔记第1课:项目分析
纯手工打造简单分布式爬虫(Python),2017年6月15日,http://www.cnblogs.com/qiyeboy/p/7016540.html,纯手工打造简单分布式爬虫(Python)
"“永恒之蓝""漏洞的紧急应对--毕业生必看",2017年5月13日,http://www.cnblogs.com/qiyeboy/p/6848935.html,"“永恒之蓝""漏洞的紧急应对--毕业生必看"
从多项式相加看线性结构,2017年5月11日,http://www.cnblogs.com/qiyeboy/p/6839318.html,从多项式相加看线性结构
OD常用断点之CC断点,2017年5月6日,http://www.cnblogs.com/qiyeboy/p/6815988.html,OD常用断点之CC断点
打造“黑客“手机--Kali Nethunter,2017年3月1日,http://www.cnblogs.com/qiyeboy/p/6486777.html,打造“黑客“手机--Kali Nethunter
HTTP服务器的本质:tinyhttpd源码分析及拓展,2017年1月18日,http://www.cnblogs.com/qiyeboy/p/6296387.html,HTTP服务器的本质:tinyhttpd源码分析及拓展
开源IP代理池续——整体重构,2016年12月12日,http://www.cnblogs.com/qiyeboy/p/6163474.html,开源IP代理池续——整体重构
开源项目IPProxys的使用,2016年11月21日,http://www.cnblogs.com/qiyeboy/p/6086611.html,开源项目IPProxys的使用
原创爬虫开源项目——更新维护,2016年11月1日,http://www.cnblogs.com/qiyeboy/p/6018594.html,原创爬虫开源项目——更新维护
sublime Text3 插件编写教程_第一课,2016年10月16日,http://www.cnblogs.com/qiyeboy/p/5966353.html,sublime Text3 插件编写教程_第一课
无线安全专题_攻击篇--MAC泛洪攻击,2016年10月4日,http://www.cnblogs.com/qiyeboy/p/5930573.html,无线安全专题_攻击篇--MAC泛洪攻击
无线安全专题_攻击篇--干扰通信,2016年9月20日,http://www.cnblogs.com/qiyeboy/p/5889518.html,无线安全专题_攻击篇--干扰通信
无线安全专题_破解篇03--打造个人字典,2016年9月4日,http://www.cnblogs.com/qiyeboy/p/5840577.html,无线安全专题_破解篇03--打造个人字典
无线安全专题_破解篇02--kali破解pin码,2016年8月31日,http://www.cnblogs.com/qiyeboy/p/5825525.html,无线安全专题_破解篇02--kali破解pin码
无线安全专题01--kali破解WPA,2016年8月21日,http://www.cnblogs.com/qiyeboy/p/5792927.html,无线安全专题01--kali破解WPA
百度登录加密协议分析(下),2016年8月2日,http://www.cnblogs.com/qiyeboy/p/5728293.html,百度登录加密协议分析(下)
百度登录加密协议分析(上),2016年7月31日,http://www.cnblogs.com/qiyeboy/p/5722424.html,百度登录加密协议分析(上)
python开源IP代理池--IPProxys,2016年7月21日,http://www.cnblogs.com/qiyeboy/p/5693128.html,python开源IP代理池--IPProxys
python爬虫:将本人博客园文章转化为MarkDown格式,2016年6月20日,http://www.cnblogs.com/qiyeboy/p/5600839.html,python爬虫:将本人博客园文章转化为MarkDown格式
Scrapy爬取美女图片第四集 突破反爬虫(上),2016年6月12日,http://www.cnblogs.com/qiyeboy/p/5577036.html,Scrapy爬取美女图片第四集 突破反爬虫(上)
python爬虫-爬取盗墓笔记,2016年6月6日,http://www.cnblogs.com/qiyeboy/p/5564679.html,python爬虫-爬取盗墓笔记
Scrapy爬取美女图片第三集 代理ip(下),2016年5月31日,http://www.cnblogs.com/qiyeboy/p/5544917.html,Scrapy爬取美女图片第三集 代理ip(下)
Scrapy爬取美女图片第三集 代理ip(上) (原创),2016年5月22日,http://www.cnblogs.com/qiyeboy/p/5517271.html,Scrapy爬取美女图片第三集 代理ip(上) (原创)
七夜在线音乐台开发 第三弹 爬虫篇 (原创),2016年5月12日,http://www.cnblogs.com/qiyeboy/p/5487556.html,七夜在线音乐台开发 第三弹 爬虫篇 (原创)
Scrapy爬取美女图片续集 (原创),2016年4月30日,http://www.cnblogs.com/qiyeboy/p/5449266.html,Scrapy爬取美女图片续集 (原创)
Scrapy爬取美女图片 (原创),2016年4月24日,http://www.cnblogs.com/qiyeboy/p/5428240.html,Scrapy爬取美女图片 (原创)
七夜在线音乐台开发 第二弹 (原创),2016年4月12日,http://www.cnblogs.com/qiyeboy/p/5381989.html,七夜在线音乐台开发 第二弹 (原创)
七夜在线音乐台开发 第一弹 (原创),2016年3月25日,http://www.cnblogs.com/qiyeboy/p/5320282.html,七夜在线音乐台开发 第一弹 (原创)
逆向某停车app(原创),2016年3月21日,http://www.cnblogs.com/qiyeboy/p/5300739.html,逆向某停车app(原创)
(原创)python发送邮件,2016年3月19日,http://www.cnblogs.com/qiyeboy/p/5295275.html,(原创)python发送邮件
(原创)暴力破解西电校园网密码,2016年3月13日,http://www.cnblogs.com/qiyeboy/p/5273042.html,(原创)暴力破解西电校园网密码
python爬虫:爬取慕课网视频,2016年3月12日,http://www.cnblogs.com/qiyeboy/p/5269616.html,python爬虫:爬取慕课网视频
Html+CSS 学习第二天,2016年3月8日,http://www.cnblogs.com/qiyeboy/p/5256086.html,Html+CSS 学习第二天
html学习第一天,2016年3月5日,http://www.cnblogs.com/qiyeboy/p/5244277.html,html学习第一天
python开发ftp服务器第一天(pyftpdlib),2016年3月1日,http://www.cnblogs.com/qiyeboy/p/5230262.html,python开发ftp服务器第一天(pyftpdlib)
开启博客的第一天,2016年2月29日,http://www.cnblogs.com/qiyeboy/p/5227609.html,开启博客的第一天
